"country","year","gdpPercap","lifeExp"
"Afghanistan",1952,779.4453145,28.801
"Afghanistan",1957,820.8530296,30.332
"Afghanistan",1962,853.10071,31.997
"Afghanistan",1967,836.1971382,34.02
"Afghanistan",1972,739.9811058,36.088
"Afghanistan",1977,786.11336,38.438
"Afghanistan",1982,978.0114388,39.854
"Afghanistan",1987,852.3959448,40.822
"Afghanistan",1992,649.3413952,41.674
"Afghanistan",1997,635.341351,41.763
"Afghanistan",2002,726.7340548,42.129
"Afghanistan",2007,974.5803384,43.828
"Albania",1952,1601.056136,55.23
"Albania",1957,1942.284244,59.28
"Albania",1962,2312.888958,64.82
"Albania",1967,2760.196931,66.22
"Albania",1972,3313.422188,67.69
"Albania",1977,3533.00391,68.93
"Albania",1982,3630.880722,70.42
"Albania",1987,3738.932735,72
"Albania",1992,2497.437901,71.581
"Albania",1997,3193.054604,72.95
"Albania",2002,4604.211737,75.651
"Albania",2007,5937.029526,76.423
"Algeria",1952,2449.008185,43.077
"Algeria",1957,3013.976023,45.685
"Algeria",1962,2550.81688,48.303
"Algeria",1967,3246.991771,51.407
"Algeria",1972,4182.663766,54.518
"Algeria",1977,4910.416756,58.014
"Algeria",1982,5745.160213,61.368
"Algeria",1987,5681.358539,65.799
"Algeria",1992,5023.216647,67.744
"Algeria",1997,4797.295051,69.152
"Algeria",2002,5288.040382,70.994
"Algeria",2007,6223.367465,72.301
"Angola",1952,3520.610273,30.015
"Angola",1957,3827.940465,31.999
"Angola",1962,4269.276742,34
"Angola",1967,5522.776375,35.985
"Angola",1972,5473.288005,37.928
"Angola",1977,3008.647355,39.483
"Angola",1982,2756.953672,39.942
"Angola",1987,2430.208311,39.906
"Angola",1992,2627.845685,40.647
"Angola",1997,2277.140884,40.963
"Angola",2002,2773.287312,41.003
"Angola",2007,4797.231267,42.731
"Argentina",1952,5911.315053,62.485
"Argentina",1957,6856.856212,64.399
"Argentina",1962,7133.166023,65.142
"Argentina",1967,8052.953021,65.634
"Argentina",1972,9443.038526,67.065
"Argentina",1977,10079.02674,68.481
"Argentina",1982,8997.897412,69.942
"Argentina",1987,9139.671389,70.774
"Argentina",1992,9308.41871,71.868
"Argentina",1997,10967.28195,73.275
"Argentina",2002,8797.640716,74.34
"Argentina",2007,12779.37964,75.32
"Australia",1952,10039.59564,69.12
"Australia",1957,10949.64959,70.33
"Australia",1962,12217.22686,70.93
"Australia",1967,14526.12465,71.1
"Australia",1972,16788.62948,71.93
"Australia",1977,18334.19751,73.49
"Australia",1982,19477.00928,74.74
"Australia",1987,21888.88903,76.32
"Australia",1992,23424.76683,77.56
"Australia",1997,26997.93657,78.83
"Australia",2002,30687.75473,80.37
"Australia",2007,34435.36744,81.235
"Austria",1952,6137.076492,66.8
"Austria",1957,8842.59803,67.48
"Austria",1962,10750.72111,69.54
"Austria",1967,12834.6024,70.14
"Austria",1972,16661.6256,70.63
"Austria",1977,19749.4223,72.17
"Austria",1982,21597.08362,73.18
"Austria",1987,23687.82607,74.94
"Austria",1992,27042.01868,76.04
"Austria",1997,29095.92066,77.51
"Austria",2002,32417.60769,78.98
"Austria",2007,36126.4927,79.829
"Bahrain",1952,9867.084765,50.939
"Bahrain",1957,11635.79945,53.832
"Bahrain",1962,12753.27514,56.923
"Bahrain",1967,14804.6727,59.923
"Bahrain",1972,18268.65839,63.3
"Bahrain",1977,19340.10196,65.593
"Bahrain",1982,19211.14731,69.052
"Bahrain",1987,18524.02406,70.75
"Bahrain",1992,19035.57917,72.601
"Bahrain",1997,20292.01679,73.925
"Bahrain",2002,23403.55927,74.795
"Bahrain",2007,29796.04834,75.635
"Bangladesh",1952,684.2441716,37.484
"Bangladesh",1957,661.6374577,39.348
"Bangladesh",1962,686.3415538,41.216
"Bangladesh",1967,721.1860862,43.453
"Bangladesh",1972,630.2336265,45.252
"Bangladesh",1977,659.8772322,46.923
"Bangladesh",1982,676.9818656,50.009
"Bangladesh",1987,751.9794035,52.819
"Bangladesh",1992,837.8101643,56.018
"Bangladesh",1997,972.7700352,59.412
"Bangladesh",2002,1136.39043,62.013
"Bangladesh",2007,1391.253792,64.062
"Belgium",1952,8343.105127,68
"Belgium",1957,9714.960623,69.24
"Belgium",1962,10991.20676,70.25
"Belgium",1967,13149.04119,70.94
"Belgium",1972,16672.14356,71.44
"Belgium",1977,19117.97448,72.8
"Belgium",1982,20979.84589,73.93
"Belgium",1987,22525.56308,75.35
"Belgium",1992,25575.57069,76.46
"Belgium",1997,27561.19663,77.53
"Belgium",2002,30485.88375,78.32
"Belgium",2007,33692.60508,79.441
"Benin",1952,1062.7522,38.223
"Benin",1957,959.6010805,40.358
"Benin",1962,949.4990641,42.618
"Benin",1967,1035.831411,44.885
"Benin",1972,1085.796879,47.014
"Benin",1977,1029.161251,49.19
"Benin",1982,1277.897616,50.904
"Benin",1987,1225.85601,52.337
"Benin",1992,1191.207681,53.919
"Benin",1997,1232.975292,54.777
"Benin",2002,1372.877931,54.406
"Benin",2007,1441.284873,56.728
"Bolivia",1952,2677.326347,40.414
"Bolivia",1957,2127.686326,41.89
"Bolivia",1962,2180.972546,43.428
"Bolivia",1967,2586.886053,45.032
"Bolivia",1972,2980.331339,46.714
"Bolivia",1977,3548.097832,50.023
"Bolivia",1982,3156.510452,53.859
"Bolivia",1987,2753.69149,57.251
"Bolivia",1992,2961.699694,59.957
"Bolivia",1997,3326.143191,62.05
"Bolivia",2002,3413.26269,63.883
"Bolivia",2007,3822.137084,65.554
"Bosnia and Herzegovina",1952,973.5331948,53.82
"Bosnia and Herzegovina",1957,1353.989176,58.45
"Bosnia and Herzegovina",1962,1709.683679,61.93
"Bosnia and Herzegovina",1967,2172.352423,64.79
"Bosnia and Herzegovina",1972,2860.16975,67.45
"Bosnia and Herzegovina",1977,3528.481305,69.86
"Bosnia and Herzegovina",1982,4126.613157,70.69
"Bosnia and Herzegovina",1987,4314.114757,71.14
"Bosnia and Herzegovina",1992,2546.781445,72.178
"Bosnia and Herzegovina",1997,4766.355904,73.244
"Bosnia and Herzegovina",2002,6018.975239,74.09
"Bosnia and Herzegovina",2007,7446.298803,74.852
"Botswana",1952,851.2411407,47.622
"Botswana",1957,918.2325349,49.618
"Botswana",1962,983.6539764,51.52
"Botswana",1967,1214.709294,53.298
"Botswana",1972,2263.611114,56.024
"Botswana",1977,3214.857818,59.319
"Botswana",1982,4551.14215,61.484
"Botswana",1987,6205.88385,63.622
"Botswana",1992,7954.111645,62.745
"Botswana",1997,8647.142313,52.556
"Botswana",2002,11003.60508,46.634
"Botswana",2007,12569.85177,50.728
"Brazil",1952,2108.944355,50.917
"Brazil",1957,2487.365989,53.285
"Brazil",1962,3336.585802,55.665
"Brazil",1967,3429.864357,57.632
"Brazil",1972,4985.711467,59.504
"Brazil",1977,6660.118654,61.489
"Brazil",1982,7030.835878,63.336
"Brazil",1987,7807.095818,65.205
"Brazil",1992,6950.283021,67.057
"Brazil",1997,7957.980824,69.388
"Brazil",2002,8131.212843,71.006
"Brazil",2007,9065.800825,72.39
"Bulgaria",1952,2444.286648,59.6
"Bulgaria",1957,3008.670727,66.61
"Bulgaria",1962,4254.337839,69.51
"Bulgaria",1967,5577.0028,70.42
"Bulgaria",1972,6597.494398,70.9
"Bulgaria",1977,7612.240438,70.81
"Bulgaria",1982,8224.191647,71.08
"Bulgaria",1987,8239.854824,71.34
"Bulgaria",1992,6302.623438,71.19
"Bulgaria",1997,5970.38876,70.32
"Bulgaria",2002,7696.777725,72.14
"Bulgaria",2007,10680.79282,73.005
"Burkina Faso",1952,543.2552413,31.975
"Burkina Faso",1957,617.1834648,34.906
"Burkina Faso",1962,722.5120206,37.814
"Burkina Faso",1967,794.8265597,40.697
"Burkina Faso",1972,854.7359763,43.591
"Burkina Faso",1977,743.3870368,46.137
"Burkina Faso",1982,807.1985855,48.122
"Burkina Faso",1987,912.0631417,49.557
"Burkina Faso",1992,931.7527731,50.26
"Burkina Faso",1997,946.2949618,50.324
"Burkina Faso",2002,1037.645221,50.65
"Burkina Faso",2007,1217.032994,52.295
"Burundi",1952,339.2964587,39.031
"Burundi",1957,379.5646281,40.533
"Burundi",1962,355.2032273,42.045
"Burundi",1967,412.9775136,43.548
"Burundi",1972,464.0995039,44.057
"Burundi",1977,556.1032651,45.91
"Burundi",1982,559.603231,47.471
"Burundi",1987,621.8188189,48.211
"Burundi",1992,631.6998778,44.736
"Burundi",1997,463.1151478,45.326
"Burundi",2002,446.4035126,47.36
"Burundi",2007,430.0706916,49.58
"Cambodia",1952,368.4692856,39.417
"Cambodia",1957,434.0383364,41.366
"Cambodia",1962,496.9136476,43.415
"Cambodia",1967,523.4323142,45.415
"Cambodia",1972,421.6240257,40.317
"Cambodia",1977,524.9721832,31.22
"Cambodia",1982,624.4754784,50.957
"Cambodia",1987,683.8955732,53.914
"Cambodia",1992,682.3031755,55.803
"Cambodia",1997,734.28517,56.534
"Cambodia",2002,896.2260153,56.752
"Cambodia",2007,1713.778686,59.723
"Cameroon",1952,1172.667655,38.523
"Cameroon",1957,1313.048099,40.428
"Cameroon",1962,1399.607441,42.643
"Cameroon",1967,1508.453148,44.799
"Cameroon",1972,1684.146528,47.049
"Cameroon",1977,1783.432873,49.355
"Cameroon",1982,2367.983282,52.961
"Cameroon",1987,2602.664206,54.985
"Cameroon",1992,1793.163278,54.314
"Cameroon",1997,1694.337469,52.199
"Cameroon",2002,1934.011449,49.856
"Cameroon",2007,2042.09524,50.43
"Canada",1952,11367.16112,68.75
"Canada",1957,12489.95006,69.96
"Canada",1962,13462.48555,71.3
"Canada",1967,16076.58803,72.13
"Canada",1972,18970.57086,72.88
"Canada",1977,22090.88306,74.21
"Canada",1982,22898.79214,75.76
"Canada",1987,26626.51503,76.86
"Canada",1992,26342.88426,77.95
"Canada",1997,28954.92589,78.61
"Canada",2002,33328.96507,79.77
"Canada",2007,36319.23501,80.653
"Central African Republic",1952,1071.310713,35.463
"Central African Republic",1957,1190.844328,37.464
"Central African Republic",1962,1193.068753,39.475
"Central African Republic",1967,1136.056615,41.478
"Central African Republic",1972,1070.013275,43.457
"Central African Republic",1977,1109.374338,46.775
"Central African Republic",1982,956.7529907,48.295
"Central African Republic",1987,844.8763504,50.485
"Central African Republic",1992,747.9055252,49.396
"Central African Republic",1997,740.5063317,46.066
"Central African Republic",2002,738.6906068,43.308
"Central African Republic",2007,706.016537,44.741
"Chad",1952,1178.665927,38.092
"Chad",1957,1308.495577,39.881
"Chad",1962,1389.817618,41.716
"Chad",1967,1196.810565,43.601
"Chad",1972,1104.103987,45.569
"Chad",1977,1133.98495,47.383
"Chad",1982,797.9081006,49.517
"Chad",1987,952.386129,51.051
"Chad",1992,1058.0643,51.724
"Chad",1997,1004.961353,51.573
"Chad",2002,1156.18186,50.525
"Chad",2007,1704.063724,50.651
"Chile",1952,3939.978789,54.745
"Chile",1957,4315.622723,56.074
"Chile",1962,4519.094331,57.924
"Chile",1967,5106.654313,60.523
"Chile",1972,5494.024437,63.441
"Chile",1977,4756.763836,67.052
"Chile",1982,5095.665738,70.565
"Chile",1987,5547.063754,72.492
"Chile",1992,7596.125964,74.126
"Chile",1997,10118.05318,75.816
"Chile",2002,10778.78385,77.86
"Chile",2007,13171.63885,78.553
"China",1952,400.448611,44
"China",1957,575.9870009,50.54896
"China",1962,487.6740183,44.50136
"China",1967,612.7056934,58.38112
"China",1972,676.9000921,63.11888
"China",1977,741.2374699,63.96736
"China",1982,962.4213805,65.525
"China",1987,1378.904018,67.274
"China",1992,1655.784158,68.69
"China",1997,2289.234136,70.426
"China",2002,3119.280896,72.028
"China",2007,4959.114854,72.961
"Colombia",1952,2144.115096,50.643
"Colombia",1957,2323.805581,55.118
"Colombia",1962,2492.351109,57.863
"Colombia",1967,2678.729839,59.963
"Colombia",1972,3264.660041,61.623
"Colombia",1977,3815.80787,63.837
"Colombia",1982,4397.575659,66.653
"Colombia",1987,4903.2191,67.768
"Colombia",1992,5444.648617,68.421
"Colombia",1997,6117.361746,70.313
"Colombia",2002,5755.259962,71.682
"Colombia",2007,7006.580419,72.889
"Comoros",1952,1102.990936,40.715
"Comoros",1957,1211.148548,42.46
"Comoros",1962,1406.648278,44.467
"Comoros",1967,1876.029643,46.472
"Comoros",1972,1937.577675,48.944
"Comoros",1977,1172.603047,50.939
"Comoros",1982,1267.100083,52.933
"Comoros",1987,1315.980812,54.926
"Comoros",1992,1246.90737,57.939
"Comoros",1997,1173.618235,60.66
"Comoros",2002,1075.811558,62.974
"Comoros",2007,986.1478792,65.152
"Congo, Dem. Rep.",1952,780.5423257,39.143
"Congo, Dem. Rep.",1957,905.8602303,40.652
"Congo, Dem. Rep.",1962,896.3146335,42.122
"Congo, Dem. Rep.",1967,861.5932424,44.056
"Congo, Dem. Rep.",1972,904.8960685,45.989
"Congo, Dem. Rep.",1977,795.757282,47.804
"Congo, Dem. Rep.",1982,673.7478181,47.784
"Congo, Dem. Rep.",1987,672.774812,47.412
"Congo, Dem. Rep.",1992,457.7191807,45.548
"Congo, Dem. Rep.",1997,312.188423,42.587
"Congo, Dem. Rep.",2002,241.1658765,44.966
"Congo, Dem. Rep.",2007,277.5518587,46.462
"Congo, Rep.",1952,2125.621418,42.111
"Congo, Rep.",1957,2315.056572,45.053
"Congo, Rep.",1962,2464.783157,48.435
"Congo, Rep.",1967,2677.939642,52.04
"Congo, Rep.",1972,3213.152683,54.907
"Congo, Rep.",1977,3259.178978,55.625
"Congo, Rep.",1982,4879.507522,56.695
"Congo, Rep.",1987,4201.194937,57.47
"Congo, Rep.",1992,4016.239529,56.433
"Congo, Rep.",1997,3484.164376,52.962
"Congo, Rep.",2002,3484.06197,52.97
"Congo, Rep.",2007,3632.557798,55.322
"Costa Rica",1952,2627.009471,57.206
"Costa Rica",1957,2990.010802,60.026
"Costa Rica",1962,3460.937025,62.842
"Costa Rica",1967,4161.727834,65.424
"Costa Rica",1972,5118.146939,67.849
"Costa Rica",1977,5926.876967,70.75
"Costa Rica",1982,5262.734751,73.45
"Costa Rica",1987,5629.915318,74.752
"Costa Rica",1992,6160.416317,75.713
"Costa Rica",1997,6677.045314,77.26
"Costa Rica",2002,7723.447195,78.123
"Costa Rica",2007,9645.06142,78.782
"Cote d'Ivoire",1952,1388.594732,40.477
"Cote d'Ivoire",1957,1500.895925,42.469
"Cote d'Ivoire",1962,1728.869428,44.93
"Cote d'Ivoire",1967,2052.050473,47.35
"Cote d'Ivoire",1972,2378.201111,49.801
"Cote d'Ivoire",1977,2517.736547,52.374
"Cote d'Ivoire",1982,2602.710169,53.983
"Cote d'Ivoire",1987,2156.956069,54.655
"Cote d'Ivoire",1992,1648.073791,52.044
"Cote d'Ivoire",1997,1786.265407,47.991
"Cote d'Ivoire",2002,1648.800823,46.832
"Cote d'Ivoire",2007,1544.750112,48.328
"Croatia",1952,3119.23652,61.21
"Croatia",1957,4338.231617,64.77
"Croatia",1962,5477.890018,67.13
"Croatia",1967,6960.297861,68.5
"Croatia",1972,9164.090127,69.61
"Croatia",1977,11305.38517,70.64
"Croatia",1982,13221.82184,70.46
"Croatia",1987,13822.58394,71.52
"Croatia",1992,8447.794873,72.527
"Croatia",1997,9875.604515,73.68
"Croatia",2002,11628.38895,74.876
"Croatia",2007,14619.22272,75.748
"Cuba",1952,5586.53878,59.421
"Cuba",1957,6092.174359,62.325
"Cuba",1962,5180.75591,65.246
"Cuba",1967,5690.268015,68.29
"Cuba",1972,5305.445256,70.723
"Cuba",1977,6380.494966,72.649
"Cuba",1982,7316.918107,73.717
"Cuba",1987,7532.924763,74.174
"Cuba",1992,5592.843963,74.414
"Cuba",1997,5431.990415,76.151
"Cuba",2002,6340.646683,77.158
"Cuba",2007,8948.102923,78.273
"Czech Republic",1952,6876.14025,66.87
"Czech Republic",1957,8256.343918,69.03
"Czech Republic",1962,10136.86713,69.9
"Czech Republic",1967,11399.44489,70.38
"Czech Republic",1972,13108.4536,70.29
"Czech Republic",1977,14800.16062,70.71
"Czech Republic",1982,15377.22855,70.96
"Czech Republic",1987,16310.4434,71.58
"Czech Republic",1992,14297.02122,72.4
"Czech Republic",1997,16048.51424,74.01
"Czech Republic",2002,17596.21022,75.51
"Czech Republic",2007,22833.30851,76.486
"Denmark",1952,9692.385245,70.78
"Denmark",1957,11099.65935,71.81
"Denmark",1962,13583.31351,72.35
"Denmark",1967,15937.21123,72.96
"Denmark",1972,18866.20721,73.47
"Denmark",1977,20422.9015,74.69
"Denmark",1982,21688.04048,74.63
"Denmark",1987,25116.17581,74.8
"Denmark",1992,26406.73985,75.33
"Denmark",1997,29804.34567,76.11
"Denmark",2002,32166.50006,77.18
"Denmark",2007,35278.41874,78.332
"Djibouti",1952,2669.529475,34.812
"Djibouti",1957,2864.969076,37.328
"Djibouti",1962,3020.989263,39.693
"Djibouti",1967,3020.050513,42.074
"Djibouti",1972,3694.212352,44.366
"Djibouti",1977,3081.761022,46.519
"Djibouti",1982,2879.468067,48.812
"Djibouti",1987,2880.102568,50.04
"Djibouti",1992,2377.156192,51.604
"Djibouti",1997,1895.016984,53.157
"Djibouti",2002,1908.260867,53.373
"Djibouti",2007,2082.481567,54.791
"Dominican Republic",1952,1397.717137,45.928
"Dominican Republic",1957,1544.402995,49.828
"Dominican Republic",1962,1662.137359,53.459
"Dominican Republic",1967,1653.723003,56.751
"Dominican Republic",1972,2189.874499,59.631
"Dominican Republic",1977,2681.9889,61.788
"Dominican Republic",1982,2861.092386,63.727
"Dominican Republic",1987,2899.842175,66.046
"Dominican Republic",1992,3044.214214,68.457
"Dominican Republic",1997,3614.101285,69.957
"Dominican Republic",2002,4563.808154,70.847
"Dominican Republic",2007,6025.374752,72.235
"Ecuador",1952,3522.110717,48.357
"Ecuador",1957,3780.546651,51.356
"Ecuador",1962,4086.114078,54.64
"Ecuador",1967,4579.074215,56.678
"Ecuador",1972,5280.99471,58.796
"Ecuador",1977,6679.62326,61.31
"Ecuador",1982,7213.791267,64.342
"Ecuador",1987,6481.776993,67.231
"Ecuador",1992,7103.702595,69.613
"Ecuador",1997,7429.455877,72.312
"Ecuador",2002,5773.044512,74.173
"Ecuador",2007,6873.262326,74.994
"Egypt",1952,1418.822445,41.893
"Egypt",1957,1458.915272,44.444
"Egypt",1962,1693.335853,46.992
"Egypt",1967,1814.880728,49.293
"Egypt",1972,2024.008147,51.137
"Egypt",1977,2785.493582,53.319
"Egypt",1982,3503.729636,56.006
"Egypt",1987,3885.46071,59.797
"Egypt",1992,3794.755195,63.674
"Egypt",1997,4173.181797,67.217
"Egypt",2002,4754.604414,69.806
"Egypt",2007,5581.180998,71.338
"El Salvador",1952,3048.3029,45.262
"El Salvador",1957,3421.523218,48.57
"El Salvador",1962,3776.803627,52.307
"El Salvador",1967,4358.595393,55.855
"El Salvador",1972,4520.246008,58.207
"El Salvador",1977,5138.922374,56.696
"El Salvador",1982,4098.344175,56.604
"El Salvador",1987,4140.442097,63.154
"El Salvador",1992,4444.2317,66.798
"El Salvador",1997,5154.825496,69.535
"El Salvador",2002,5351.568666,70.734
"El Salvador",2007,5728.353514,71.878
"Equatorial Guinea",1952,375.6431231,34.482
"Equatorial Guinea",1957,426.0964081,35.983
"Equatorial Guinea",1962,582.8419714,37.485
"Equatorial Guinea",1967,915.5960025,38.987
"Equatorial Guinea",1972,672.4122571,40.516
"Equatorial Guinea",1977,958.5668124,42.024
"Equatorial Guinea",1982,927.8253427,43.662
"Equatorial Guinea",1987,966.8968149,45.664
"Equatorial Guinea",1992,1132.055034,47.545
"Equatorial Guinea",1997,2814.480755,48.245
"Equatorial Guinea",2002,7703.4959,49.348
"Equatorial Guinea",2007,12154.08975,51.579
"Eritrea",1952,328.9405571,35.928
"Eritrea",1957,344.1618859,38.047
"Eritrea",1962,380.9958433,40.158
"Eritrea",1967,468.7949699,42.189
"Eritrea",1972,514.3242082,44.142
"Eritrea",1977,505.7538077,44.535
"Eritrea",1982,524.8758493,43.89
"Eritrea",1987,521.1341333,46.453
"Eritrea",1992,582.8585102,49.991
"Eritrea",1997,913.47079,53.378
"Eritrea",2002,765.3500015,55.24
"Eritrea",2007,641.3695236,58.04
"Ethiopia",1952,362.1462796,34.078
"Ethiopia",1957,378.9041632,36.667
"Ethiopia",1962,419.4564161,40.059
"Ethiopia",1967,516.1186438,42.115
"Ethiopia",1972,566.2439442,43.515
"Ethiopia",1977,556.8083834,44.51
"Ethiopia",1982,577.8607471,44.916
"Ethiopia",1987,573.7413142,46.684
"Ethiopia",1992,421.3534653,48.091
"Ethiopia",1997,515.8894013,49.402
"Ethiopia",2002,530.0535319,50.725
"Ethiopia",2007,690.8055759,52.947
"Finland",1952,6424.519071,66.55
"Finland",1957,7545.415386,67.49
"Finland",1962,9371.842561,68.75
"Finland",1967,10921.63626,69.83
"Finland",1972,14358.8759,70.87
"Finland",1977,15605.42283,72.52
"Finland",1982,18533.15761,74.55
"Finland",1987,21141.01223,74.83
"Finland",1992,20647.16499,75.7
"Finland",1997,23723.9502,77.13
"Finland",2002,28204.59057,78.37
"Finland",2007,33207.0844,79.313
"France",1952,7029.809327,67.41
"France",1957,8662.834898,68.93
"France",1962,10560.48553,70.51
"France",1967,12999.91766,71.55
"France",1972,16107.19171,72.38
"France",1977,18292.63514,73.83
"France",1982,20293.89746,74.89
"France",1987,22066.44214,76.34
"France",1992,24703.79615,77.46
"France",1997,25889.78487,78.64
"France",2002,28926.03234,79.59
"France",2007,30470.0167,80.657
"Gabon",1952,4293.476475,37.003
"Gabon",1957,4976.198099,38.999
"Gabon",1962,6631.459222,40.489
"Gabon",1967,8358.761987,44.598
"Gabon",1972,11401.94841,48.69
"Gabon",1977,21745.57328,52.79
"Gabon",1982,15113.36194,56.564
"Gabon",1987,11864.40844,60.19
"Gabon",1992,13522.15752,61.366
"Gabon",1997,14722.84188,60.461
"Gabon",2002,12521.71392,56.761
"Gabon",2007,13206.48452,56.735
"Gambia",1952,485.2306591,30
"Gambia",1957,520.9267111,32.065
"Gambia",1962,599.650276,33.896
"Gambia",1967,734.7829124,35.857
"Gambia",1972,756.0868363,38.308
"Gambia",1977,884.7552507,41.842
"Gambia",1982,835.8096108,45.58
"Gambia",1987,611.6588611,49.265
"Gambia",1992,665.6244126,52.644
"Gambia",1997,653.7301704,55.861
"Gambia",2002,660.5855997,58.041
"Gambia",2007,752.7497265,59.448
"Germany",1952,7144.114393,67.5
"Germany",1957,10187.82665,69.1
"Germany",1962,12902.46291,70.3
"Germany",1967,14745.62561,70.8
"Germany",1972,18016.18027,71
"Germany",1977,20512.92123,72.5
"Germany",1982,22031.53274,73.8
"Germany",1987,24639.18566,74.847
"Germany",1992,26505.30317,76.07
"Germany",1997,27788.88416,77.34
"Germany",2002,30035.80198,78.67
"Germany",2007,32170.37442,79.406
"Ghana",1952,911.2989371,43.149
"Ghana",1957,1043.561537,44.779
"Ghana",1962,1190.041118,46.452
"Ghana",1967,1125.69716,48.072
"Ghana",1972,1178.223708,49.875
"Ghana",1977,993.2239571,51.756
"Ghana",1982,876.032569,53.744
"Ghana",1987,847.0061135,55.729
"Ghana",1992,925.060154,57.501
"Ghana",1997,1005.245812,58.556
"Ghana",2002,1111.984578,58.453
"Ghana",2007,1327.60891,60.022
"Greece",1952,3530.690067,65.86
"Greece",1957,4916.299889,67.86
"Greece",1962,6017.190733,69.51
"Greece",1967,8513.097016,71
"Greece",1972,12724.82957,72.34
"Greece",1977,14195.52428,73.68
"Greece",1982,15268.42089,75.24
"Greece",1987,16120.52839,76.67
"Greece",1992,17541.49634,77.03
"Greece",1997,18747.69814,77.869
"Greece",2002,22514.2548,78.256
"Greece",2007,27538.41188,79.483
"Guatemala",1952,2428.237769,42.023
"Guatemala",1957,2617.155967,44.142
"Guatemala",1962,2750.364446,46.954
"Guatemala",1967,3242.531147,50.016
"Guatemala",1972,4031.408271,53.738
"Guatemala",1977,4879.992748,56.029
"Guatemala",1982,4820.49479,58.137
"Guatemala",1987,4246.485974,60.782
"Guatemala",1992,4439.45084,63.373
"Guatemala",1997,4684.313807,66.322
"Guatemala",2002,4858.347495,68.978
"Guatemala",2007,5186.050003,70.259
"Guinea",1952,510.1964923,33.609
"Guinea",1957,576.2670245,34.558
"Guinea",1962,686.3736739,35.753
"Guinea",1967,708.7595409,37.197
"Guinea",1972,741.6662307,38.842
"Guinea",1977,874.6858643,40.762
"Guinea",1982,857.2503577,42.891
"Guinea",1987,805.5724718,45.552
"Guinea",1992,794.3484384,48.576
"Guinea",1997,869.4497668,51.455
"Guinea",2002,945.5835837,53.676
"Guinea",2007,942.6542111,56.007
"Guinea-Bissau",1952,299.850319,32.5
"Guinea-Bissau",1957,431.7904566,33.489
"Guinea-Bissau",1962,522.0343725,34.488
"Guinea-Bissau",1967,715.5806402,35.492
"Guinea-Bissau",1972,820.2245876,36.486
"Guinea-Bissau",1977,764.7259628,37.465
"Guinea-Bissau",1982,838.1239671,39.327
"Guinea-Bissau",1987,736.4153921,41.245
"Guinea-Bissau",1992,745.5398706,43.266
"Guinea-Bissau",1997,796.6644681,44.873
"Guinea-Bissau",2002,575.7047176,45.504
"Guinea-Bissau",2007,579.231743,46.388
"Haiti",1952,1840.366939,37.579
"Haiti",1957,1726.887882,40.696
"Haiti",1962,1796.589032,43.59
"Haiti",1967,1452.057666,46.243
"Haiti",1972,1654.456946,48.042
"Haiti",1977,1874.298931,49.923
"Haiti",1982,2011.159549,51.461
"Haiti",1987,1823.015995,53.636
"Haiti",1992,1456.309517,55.089
"Haiti",1997,1341.726931,56.671
"Haiti",2002,1270.364932,58.137
"Haiti",2007,1201.637154,60.916
"Honduras",1952,2194.926204,41.912
"Honduras",1957,2220.487682,44.665
"Honduras",1962,2291.156835,48.041
"Honduras",1967,2538.269358,50.924
"Honduras",1972,2529.842345,53.884
"Honduras",1977,3203.208066,57.402
"Honduras",1982,3121.760794,60.909
"Honduras",1987,3023.096699,64.492
"Honduras",1992,3081.694603,66.399
"Honduras",1997,3160.454906,67.659
"Honduras",2002,3099.72866,68.565
"Honduras",2007,3548.330846,70.198
"Hong Kong, China",1952,3054.421209,60.96
"Hong Kong, China",1957,3629.076457,64.75
"Hong Kong, China",1962,4692.648272,67.65
"Hong Kong, China",1967,6197.962814,70
"Hong Kong, China",1972,8315.928145,72
"Hong Kong, China",1977,11186.14125,73.6
"Hong Kong, China",1982,14560.53051,75.45
"Hong Kong, China",1987,20038.47269,76.2
"Hong Kong, China",1992,24757.60301,77.601
"Hong Kong, China",1997,28377.63219,80
"Hong Kong, China",2002,30209.01516,81.495
"Hong Kong, China",2007,39724.97867,82.208
"Hungary",1952,5263.673816,64.03
"Hungary",1957,6040.180011,66.41
"Hungary",1962,7550.359877,67.96
"Hungary",1967,9326.64467,69.5
"Hungary",1972,10168.65611,69.76
"Hungary",1977,11674.83737,69.95
"Hungary",1982,12545.99066,69.39
"Hungary",1987,12986.47998,69.58
"Hungary",1992,10535.62855,69.17
"Hungary",1997,11712.7768,71.04
"Hungary",2002,14843.93556,72.59
"Hungary",2007,18008.94444,73.338
"Iceland",1952,7267.688428,72.49
"Iceland",1957,9244.001412,73.47
"Iceland",1962,10350.15906,73.68
"Iceland",1967,13319.89568,73.73
"Iceland",1972,15798.06362,74.46
"Iceland",1977,19654.96247,76.11
"Iceland",1982,23269.6075,76.99
"Iceland",1987,26923.20628,77.23
"Iceland",1992,25144.39201,78.77
"Iceland",1997,28061.09966,78.95
"Iceland",2002,31163.20196,80.5
"Iceland",2007,36180.78919,81.757
"India",1952,546.5657493,37.373
"India",1957,590.061996,40.249
"India",1962,658.3471509,43.605
"India",1967,700.7706107,47.193
"India",1972,724.032527,50.651
"India",1977,813.337323,54.208
"India",1982,855.7235377,56.596
"India",1987,976.5126756,58.553
"India",1992,1164.406809,60.223
"India",1997,1458.817442,61.765
"India",2002,1746.769454,62.879
"India",2007,2452.210407,64.698
"Indonesia",1952,749.6816546,37.468
"Indonesia",1957,858.9002707,39.918
"Indonesia",1962,849.2897701,42.518
"Indonesia",1967,762.4317721,45.964
"Indonesia",1972,1111.107907,49.203
"Indonesia",1977,1382.702056,52.702
"Indonesia",1982,1516.872988,56.159
"Indonesia",1987,1748.356961,60.137
"Indonesia",1992,2383.140898,62.681
"Indonesia",1997,3119.335603,66.041
"Indonesia",2002,2873.91287,68.588
"Indonesia",2007,3540.651564,70.65
"Iran",1952,3035.326002,44.869
"Iran",1957,3290.257643,47.181
"Iran",1962,4187.329802,49.325
"Iran",1967,5906.731805,52.469
"Iran",1972,9613.818607,55.234
"Iran",1977,11888.59508,57.702
"Iran",1982,7608.334602,59.62
"Iran",1987,6642.881371,63.04
"Iran",1992,7235.653188,65.742
"Iran",1997,8263.590301,68.042
"Iran",2002,9240.761975,69.451
"Iran",2007,11605.71449,70.964
"Iraq",1952,4129.766056,45.32
"Iraq",1957,6229.333562,48.437
"Iraq",1962,8341.737815,51.457
"Iraq",1967,8931.459811,54.459
"Iraq",1972,9576.037596,56.95
"Iraq",1977,14688.23507,60.413
"Iraq",1982,14517.90711,62.038
"Iraq",1987,11643.57268,65.044
"Iraq",1992,3745.640687,59.461
"Iraq",1997,3076.239795,58.811
"Iraq",2002,4390.717312,57.046
"Iraq",2007,4471.061906,59.545
"Ireland",1952,5210.280328,66.91
"Ireland",1957,5599.077872,68.9
"Ireland",1962,6631.597314,70.29
"Ireland",1967,7655.568963,71.08
"Ireland",1972,9530.772896,71.28
"Ireland",1977,11150.98113,72.03
"Ireland",1982,12618.32141,73.1
"Ireland",1987,13872.86652,74.36
"Ireland",1992,17558.81555,75.467
"Ireland",1997,24521.94713,76.122
"Ireland",2002,34077.04939,77.783
"Ireland",2007,40675.99635,78.885
"Israel",1952,4086.522128,65.39
"Israel",1957,5385.278451,67.84
"Israel",1962,7105.630706,69.39
"Israel",1967,8393.741404,70.75
"Israel",1972,12786.93223,71.63
"Israel",1977,13306.61921,73.06
"Israel",1982,15367.0292,74.45
"Israel",1987,17122.47986,75.6
"Israel",1992,18051.52254,76.93
"Israel",1997,20896.60924,78.269
"Israel",2002,21905.59514,79.696
"Israel",2007,25523.2771,80.745
"Italy",1952,4931.404155,65.94
"Italy",1957,6248.656232,67.81
"Italy",1962,8243.58234,69.24
"Italy",1967,10022.40131,71.06
"Italy",1972,12269.27378,72.19
"Italy",1977,14255.98475,73.48
"Italy",1982,16537.4835,74.98
"Italy",1987,19207.23482,76.42
"Italy",1992,22013.64486,77.44
"Italy",1997,24675.02446,78.82
"Italy",2002,27968.09817,80.24
"Italy",2007,28569.7197,80.546
"Jamaica",1952,2898.530881,58.53
"Jamaica",1957,4756.525781,62.61
"Jamaica",1962,5246.107524,65.61
"Jamaica",1967,6124.703451,67.51
"Jamaica",1972,7433.889293,69
"Jamaica",1977,6650.195573,70.11
"Jamaica",1982,6068.05135,71.21
"Jamaica",1987,6351.237495,71.77
"Jamaica",1992,7404.923685,71.766
"Jamaica",1997,7121.924704,72.262
"Jamaica",2002,6994.774861,72.047
"Jamaica",2007,7320.880262,72.567
"Japan",1952,3216.956347,63.03
"Japan",1957,4317.694365,65.5
"Japan",1962,6576.649461,68.73
"Japan",1967,9847.788607,71.43
"Japan",1972,14778.78636,73.42
"Japan",1977,16610.37701,75.38
"Japan",1982,19384.10571,77.11
"Japan",1987,22375.94189,78.67
"Japan",1992,26824.89511,79.36
"Japan",1997,28816.58499,80.69
"Japan",2002,28604.5919,82
"Japan",2007,31656.06806,82.603
"Jordan",1952,1546.907807,43.158
"Jordan",1957,1886.080591,45.669
"Jordan",1962,2348.009158,48.126
"Jordan",1967,2741.796252,51.629
"Jordan",1972,2110.856309,56.528
"Jordan",1977,2852.351568,61.134
"Jordan",1982,4161.415959,63.739
"Jordan",1987,4448.679912,65.869
"Jordan",1992,3431.593647,68.015
"Jordan",1997,3645.379572,69.772
"Jordan",2002,3844.917194,71.263
"Jordan",2007,4519.461171,72.535
"Kenya",1952,853.540919,42.27
"Kenya",1957,944.4383152,44.686
"Kenya",1962,896.9663732,47.949
"Kenya",1967,1056.736457,50.654
"Kenya",1972,1222.359968,53.559
"Kenya",1977,1267.613204,56.155
"Kenya",1982,1348.225791,58.766
"Kenya",1987,1361.936856,59.339
"Kenya",1992,1341.921721,59.285
"Kenya",1997,1360.485021,54.407
"Kenya",2002,1287.514732,50.992
"Kenya",2007,1463.249282,54.11
"Korea, Dem. Rep.",1952,1088.277758,50.056
"Korea, Dem. Rep.",1957,1571.134655,54.081
"Korea, Dem. Rep.",1962,1621.693598,56.656
"Korea, Dem. Rep.",1967,2143.540609,59.942
"Korea, Dem. Rep.",1972,3701.621503,63.983
"Korea, Dem. Rep.",1977,4106.301249,67.159
"Korea, Dem. Rep.",1982,4106.525293,69.1
"Korea, Dem. Rep.",1987,4106.492315,70.647
"Korea, Dem. Rep.",1992,3726.063507,69.978
"Korea, Dem. Rep.",1997,1690.756814,67.727
"Korea, Dem. Rep.",2002,1646.758151,66.662
"Korea, Dem. Rep.",2007,1593.06548,67.297
"Korea, Rep.",1952,1030.592226,47.453
"Korea, Rep.",1957,1487.593537,52.681
"Korea, Rep.",1962,1536.344387,55.292
"Korea, Rep.",1967,2029.228142,57.716
"Korea, Rep.",1972,3030.87665,62.612
"Korea, Rep.",1977,4657.22102,64.766
"Korea, Rep.",1982,5622.942464,67.123
"Korea, Rep.",1987,8533.088805,69.81
"Korea, Rep.",1992,12104.27872,72.244
"Korea, Rep.",1997,15993.52796,74.647
"Korea, Rep.",2002,19233.98818,77.045
"Korea, Rep.",2007,23348.13973,78.623
"Kuwait",1952,108382.3529,55.565
"Kuwait",1957,113523.1329,58.033
"Kuwait",1962,95458.11176,60.47
"Kuwait",1967,80894.88326,64.624
"Kuwait",1972,109347.867,67.712
"Kuwait",1977,59265.47714,69.343
"Kuwait",1982,31354.03573,71.309
"Kuwait",1987,28118.42998,74.174
"Kuwait",1992,34932.91959,75.19
"Kuwait",1997,40300.61996,76.156
"Kuwait",2002,35110.10566,76.904
"Kuwait",2007,47306.98978,77.588
"Lebanon",1952,4834.804067,55.928
"Lebanon",1957,6089.786934,59.489
"Lebanon",1962,5714.560611,62.094
"Lebanon",1967,6006.983042,63.87
"Lebanon",1972,7486.384341,65.421
"Lebanon",1977,8659.696836,66.099
"Lebanon",1982,7640.519521,66.983
"Lebanon",1987,5377.091329,67.926
"Lebanon",1992,6890.806854,69.292
"Lebanon",1997,8754.96385,70.265
"Lebanon",2002,9313.93883,71.028
"Lebanon",2007,10461.05868,71.993
"Lesotho",1952,298.8462121,42.138
"Lesotho",1957,335.9971151,45.047
"Lesotho",1962,411.8006266,47.747
"Lesotho",1967,498.6390265,48.492
"Lesotho",1972,496.5815922,49.767
"Lesotho",1977,745.3695408,52.208
"Lesotho",1982,797.2631074,55.078
"Lesotho",1987,773.9932141,57.18
"Lesotho",1992,977.4862725,59.685
"Lesotho",1997,1186.147994,55.558
"Lesotho",2002,1275.184575,44.593
"Lesotho",2007,1569.331442,42.592
"Liberia",1952,575.5729961,38.48
"Liberia",1957,620.9699901,39.486
"Liberia",1962,634.1951625,40.502
"Liberia",1967,713.6036483,41.536
"Liberia",1972,803.0054535,42.614
"Liberia",1977,640.3224383,43.764
"Liberia",1982,572.1995694,44.852
"Liberia",1987,506.1138573,46.027
"Liberia",1992,636.6229191,40.802
"Liberia",1997,609.1739508,42.221
"Liberia",2002,531.4823679,43.753
"Liberia",2007,414.5073415,45.678
"Libya",1952,2387.54806,42.723
"Libya",1957,3448.284395,45.289
"Libya",1962,6757.030816,47.808
"Libya",1967,18772.75169,50.227
"Libya",1972,21011.49721,52.773
"Libya",1977,21951.21176,57.442
"Libya",1982,17364.27538,62.155
"Libya",1987,11770.5898,66.234
"Libya",1992,9640.138501,68.755
"Libya",1997,9467.446056,71.555
"Libya",2002,9534.677467,72.737
"Libya",2007,12057.49928,73.952
"Madagascar",1952,1443.011715,36.681
"Madagascar",1957,1589.20275,38.865
"Madagascar",1962,1643.38711,40.848
"Madagascar",1967,1634.047282,42.881
"Madagascar",1972,1748.562982,44.851
"Madagascar",1977,1544.228586,46.881
"Madagascar",1982,1302.878658,48.969
"Madagascar",1987,1155.441948,49.35
"Madagascar",1992,1040.67619,52.214
"Madagascar",1997,986.2958956,54.978
"Madagascar",2002,894.6370822,57.286
"Madagascar",2007,1044.770126,59.443
"Malawi",1952,369.1650802,36.256
"Malawi",1957,416.3698064,37.207
"Malawi",1962,427.9010856,38.41
"Malawi",1967,495.5147806,39.487
"Malawi",1972,584.6219709,41.766
"Malawi",1977,663.2236766,43.767
"Malawi",1982,632.8039209,45.642
"Malawi",1987,635.5173634,47.457
"Malawi",1992,563.2000145,49.42
"Malawi",1997,692.2758103,47.495
"Malawi",2002,665.4231186,45.009
"Malawi",2007,759.3499101,48.303
"Malaysia",1952,1831.132894,48.463
"Malaysia",1957,1810.066992,52.102
"Malaysia",1962,2036.884944,55.737
"Malaysia",1967,2277.742396,59.371
"Malaysia",1972,2849.09478,63.01
"Malaysia",1977,3827.921571,65.256
"Malaysia",1982,4920.355951,68
"Malaysia",1987,5249.802653,69.5
"Malaysia",1992,7277.912802,70.693
"Malaysia",1997,10132.90964,71.938
"Malaysia",2002,10206.97794,73.044
"Malaysia",2007,12451.6558,74.241
"Mali",1952,452.3369807,33.685
"Mali",1957,490.3821867,35.307
"Mali",1962,496.1743428,36.936
"Mali",1967,545.0098873,38.487
"Mali",1972,581.3688761,39.977
"Mali",1977,686.3952693,41.714
"Mali",1982,618.0140641,43.916
"Mali",1987,684.1715576,46.364
"Mali",1992,739.014375,48.388
"Mali",1997,790.2579846,49.903
"Mali",2002,951.4097518,51.818
"Mali",2007,1042.581557,54.467
"Mauritania",1952,743.1159097,40.543
"Mauritania",1957,846.1202613,42.338
"Mauritania",1962,1055.896036,44.248
"Mauritania",1967,1421.145193,46.289
"Mauritania",1972,1586.851781,48.437
"Mauritania",1977,1497.492223,50.852
"Mauritania",1982,1481.150189,53.599
"Mauritania",1987,1421.603576,56.145
"Mauritania",1992,1361.369784,58.333
"Mauritania",1997,1483.136136,60.43
"Mauritania",2002,1579.019543,62.247
"Mauritania",2007,1803.151496,64.164
"Mauritius",1952,1967.955707,50.986
"Mauritius",1957,2034.037981,58.089
"Mauritius",1962,2529.067487,60.246
"Mauritius",1967,2475.387562,61.557
"Mauritius",1972,2575.484158,62.944
"Mauritius",1977,3710.982963,64.93
"Mauritius",1982,3688.037739,66.711
"Mauritius",1987,4783.586903,68.74
"Mauritius",1992,6058.253846,69.745
"Mauritius",1997,7425.705295,70.736
"Mauritius",2002,9021.815894,71.954
"Mauritius",2007,10956.99112,72.801
"Mexico",1952,3478.125529,50.789
"Mexico",1957,4131.546641,55.19
"Mexico",1962,4581.609385,58.299
"Mexico",1967,5754.733883,60.11
"Mexico",1972,6809.40669,62.361
"Mexico",1977,7674.929108,65.032
"Mexico",1982,9611.147541,67.405
"Mexico",1987,8688.156003,69.498
"Mexico",1992,9472.384295,71.455
"Mexico",1997,9767.29753,73.67
"Mexico",2002,10742.44053,74.902
"Mexico",2007,11977.57496,76.195
"Mongolia",1952,786.5668575,42.244
"Mongolia",1957,912.6626085,45.248
"Mongolia",1962,1056.353958,48.251
"Mongolia",1967,1226.04113,51.253
"Mongolia",1972,1421.741975,53.754
"Mongolia",1977,1647.511665,55.491
"Mongolia",1982,2000.603139,57.489
"Mongolia",1987,2338.008304,60.222
"Mongolia",1992,1785.402016,61.271
"Mongolia",1997,1902.2521,63.625
"Mongolia",2002,2140.739323,65.033
"Mongolia",2007,3095.772271,66.803
"Montenegro",1952,2647.585601,59.164
"Montenegro",1957,3682.259903,61.448
"Montenegro",1962,4649.593785,63.728
"Montenegro",1967,5907.850937,67.178
"Montenegro",1972,7778.414017,70.636
"Montenegro",1977,9595.929905,73.066
"Montenegro",1982,11222.58762,74.101
"Montenegro",1987,11732.51017,74.865
"Montenegro",1992,7003.339037,75.435
"Montenegro",1997,6465.613349,75.445
"Montenegro",2002,6557.194282,73.981
"Montenegro",2007,9253.896111,74.543
"Morocco",1952,1688.20357,42.873
"Morocco",1957,1642.002314,45.423
"Morocco",1962,1566.353493,47.924
"Morocco",1967,1711.04477,50.335
"Morocco",1972,1930.194975,52.862
"Morocco",1977,2370.619976,55.73
"Morocco",1982,2702.620356,59.65
"Morocco",1987,2755.046991,62.677
"Morocco",1992,2948.047252,65.393
"Morocco",1997,2982.101858,67.66
"Morocco",2002,3258.495584,69.615
"Morocco",2007,3820.17523,71.164
"Mozambique",1952,468.5260381,31.286
"Mozambique",1957,495.5868333,33.779
"Mozambique",1962,556.6863539,36.161
"Mozambique",1967,566.6691539,38.113
"Mozambique",1972,724.9178037,40.328
"Mozambique",1977,502.3197334,42.495
"Mozambique",1982,462.2114149,42.795
"Mozambique",1987,389.8761846,42.861
"Mozambique",1992,410.8968239,44.284
"Mozambique",1997,472.3460771,46.344
"Mozambique",2002,633.6179466,44.026
"Mozambique",2007,823.6856205,42.082
"Myanmar",1952,331,36.319
"Myanmar",1957,350,41.905
"Myanmar",1962,388,45.108
"Myanmar",1967,349,49.379
"Myanmar",1972,357,53.07
"Myanmar",1977,371,56.059
"Myanmar",1982,424,58.056
"Myanmar",1987,385,58.339
"Myanmar",1992,347,59.32
"Myanmar",1997,415,60.328
"Myanmar",2002,611,59.908
"Myanmar",2007,944,62.069
"Namibia",1952,2423.780443,41.725
"Namibia",1957,2621.448058,45.226
"Namibia",1962,3173.215595,48.386
"Namibia",1967,3793.694753,51.159
"Namibia",1972,3746.080948,53.867
"Namibia",1977,3876.485958,56.437
"Namibia",1982,4191.100511,58.968
"Namibia",1987,3693.731337,60.835
"Namibia",1992,3804.537999,61.999
"Namibia",1997,3899.52426,58.909
"Namibia",2002,4072.324751,51.479
"Namibia",2007,4811.060429,52.906
"Nepal",1952,545.8657229,36.157
"Nepal",1957,597.9363558,37.686
"Nepal",1962,652.3968593,39.393
"Nepal",1967,676.4422254,41.472
"Nepal",1972,674.7881296,43.971
"Nepal",1977,694.1124398,46.748
"Nepal",1982,718.3730947,49.594
"Nepal",1987,775.6324501,52.537
"Nepal",1992,897.7403604,55.727
"Nepal",1997,1010.892138,59.426
"Nepal",2002,1057.206311,61.34
"Nepal",2007,1091.359778,63.785
"Netherlands",1952,8941.571858,72.13
"Netherlands",1957,11276.19344,72.99
"Netherlands",1962,12790.84956,73.23
"Netherlands",1967,15363.25136,73.82
"Netherlands",1972,18794.74567,73.75
"Netherlands",1977,21209.0592,75.24
"Netherlands",1982,21399.46046,76.05
"Netherlands",1987,23651.32361,76.83
"Netherlands",1992,26790.94961,77.42
"Netherlands",1997,30246.13063,78.03
"Netherlands",2002,33724.75778,78.53
"Netherlands",2007,36797.93332,79.762
"New Zealand",1952,10556.57566,69.39
"New Zealand",1957,12247.39532,70.26
"New Zealand",1962,13175.678,71.24
"New Zealand",1967,14463.91893,71.52
"New Zealand",1972,16046.03728,71.89
"New Zealand",1977,16233.7177,72.22
"New Zealand",1982,17632.4104,73.84
"New Zealand",1987,19007.19129,74.32
"New Zealand",1992,18363.32494,76.33
"New Zealand",1997,21050.41377,77.55
"New Zealand",2002,23189.80135,79.11
"New Zealand",2007,25185.00911,80.204
"Nicaragua",1952,3112.363948,42.314
"Nicaragua",1957,3457.415947,45.432
"Nicaragua",1962,3634.364406,48.632
"Nicaragua",1967,4643.393534,51.884
"Nicaragua",1972,4688.593267,55.151
"Nicaragua",1977,5486.371089,57.47
"Nicaragua",1982,3470.338156,59.298
"Nicaragua",1987,2955.984375,62.008
"Nicaragua",1992,2170.151724,65.843
"Nicaragua",1997,2253.023004,68.426
"Nicaragua",2002,2474.548819,70.836
"Nicaragua",2007,2749.320965,72.899
"Niger",1952,761.879376,37.444
"Niger",1957,835.5234025,38.598
"Niger",1962,997.7661127,39.487
"Niger",1967,1054.384891,40.118
"Niger",1972,954.2092363,40.546
"Niger",1977,808.8970728,41.291
"Niger",1982,909.7221354,42.598
"Niger",1987,668.3000228,44.555
"Niger",1992,581.182725,47.391
"Niger",1997,580.3052092,51.313
"Niger",2002,601.0745012,54.496
"Niger",2007,619.6768924,56.867
"Nigeria",1952,1077.281856,36.324
"Nigeria",1957,1100.592563,37.802
"Nigeria",1962,1150.927478,39.36
"Nigeria",1967,1014.514104,41.04
"Nigeria",1972,1698.388838,42.821
"Nigeria",1977,1981.951806,44.514
"Nigeria",1982,1576.97375,45.826
"Nigeria",1987,1385.029563,46.886
"Nigeria",1992,1619.848217,47.472
"Nigeria",1997,1624.941275,47.464
"Nigeria",2002,1615.286395,46.608
"Nigeria",2007,2013.977305,46.859
"Norway",1952,10095.42172,72.67
"Norway",1957,11653.97304,73.44
"Norway",1962,13450.40151,73.47
"Norway",1967,16361.87647,74.08
"Norway",1972,18965.05551,74.34
"Norway",1977,23311.34939,75.37
"Norway",1982,26298.63531,75.97
"Norway",1987,31540.9748,75.89
"Norway",1992,33965.66115,77.32
"Norway",1997,41283.16433,78.32
"Norway",2002,44683.97525,79.05
"Norway",2007,49357.19017,80.196
"Oman",1952,1828.230307,37.578
"Oman",1957,2242.746551,40.08
"Oman",1962,2924.638113,43.165
"Oman",1967,4720.942687,46.988
"Oman",1972,10618.03855,52.143
"Oman",1977,11848.34392,57.367
"Oman",1982,12954.79101,62.728
"Oman",1987,18115.22313,67.734
"Oman",1992,18616.70691,71.197
"Oman",1997,19702.05581,72.499
"Oman",2002,19774.83687,74.193
"Oman",2007,22316.19287,75.64
"Pakistan",1952,684.5971438,43.436
"Pakistan",1957,747.0835292,45.557
"Pakistan",1962,803.3427418,47.67
"Pakistan",1967,942.4082588,49.8
"Pakistan",1972,1049.938981,51.929
"Pakistan",1977,1175.921193,54.043
"Pakistan",1982,1443.429832,56.158
"Pakistan",1987,1704.686583,58.245
"Pakistan",1992,1971.829464,60.838
"Pakistan",1997,2049.350521,61.818
"Pakistan",2002,2092.712441,63.61
"Pakistan",2007,2605.94758,65.483
"Panama",1952,2480.380334,55.191
"Panama",1957,2961.800905,59.201
"Panama",1962,3536.540301,61.817
"Panama",1967,4421.009084,64.071
"Panama",1972,5364.249663,66.216
"Panama",1977,5351.912144,68.681
"Panama",1982,7009.601598,70.472
"Panama",1987,7034.779161,71.523
"Panama",1992,6618.74305,72.462
"Panama",1997,7113.692252,73.738
"Panama",2002,7356.031934,74.712
"Panama",2007,9809.185636,75.537
"Paraguay",1952,1952.308701,62.649
"Paraguay",1957,2046.154706,63.196
"Paraguay",1962,2148.027146,64.361
"Paraguay",1967,2299.376311,64.951
"Paraguay",1972,2523.337977,65.815
"Paraguay",1977,3248.373311,66.353
"Paraguay",1982,4258.503604,66.874
"Paraguay",1987,3998.875695,67.378
"Paraguay",1992,4196.411078,68.225
"Paraguay",1997,4247.400261,69.4
"Paraguay",2002,3783.674243,70.755
"Paraguay",2007,4172.838464,71.752
"Peru",1952,3758.523437,43.902
"Peru",1957,4245.256698,46.263
"Peru",1962,4957.037982,49.096
"Peru",1967,5788.09333,51.445
"Peru",1972,5937.827283,55.448
"Peru",1977,6281.290855,58.447
"Peru",1982,6434.501797,61.406
"Peru",1987,6360.943444,64.134
"Peru",1992,4446.380924,66.458
"Peru",1997,5838.347657,68.386
"Peru",2002,5909.020073,69.906
"Peru",2007,7408.905561,71.421
"Philippines",1952,1272.880995,47.752
"Philippines",1957,1547.944844,51.334
"Philippines",1962,1649.552153,54.757
"Philippines",1967,1814.12743,56.393
"Philippines",1972,1989.37407,58.065
"Philippines",1977,2373.204287,60.06
"Philippines",1982,2603.273765,62.082
"Philippines",1987,2189.634995,64.151
"Philippines",1992,2279.324017,66.458
"Philippines",1997,2536.534925,68.564
"Philippines",2002,2650.921068,70.303
"Philippines",2007,3190.481016,71.688
"Poland",1952,4029.329699,61.31
"Poland",1957,4734.253019,65.77
"Poland",1962,5338.752143,67.64
"Poland",1967,6557.152776,69.61
"Poland",1972,8006.506993,70.85
"Poland",1977,9508.141454,70.67
"Poland",1982,8451.531004,71.32
"Poland",1987,9082.351172,70.98
"Poland",1992,7738.881247,70.99
"Poland",1997,10159.58368,72.75
"Poland",2002,12002.23908,74.67
"Poland",2007,15389.92468,75.563
"Portugal",1952,3068.319867,59.82
"Portugal",1957,3774.571743,61.51
"Portugal",1962,4727.954889,64.39
"Portugal",1967,6361.517993,66.6
"Portugal",1972,9022.247417,69.26
"Portugal",1977,10172.48572,70.41
"Portugal",1982,11753.84291,72.77
"Portugal",1987,13039.30876,74.06
"Portugal",1992,16207.26663,74.86
"Portugal",1997,17641.03156,75.97
"Portugal",2002,19970.90787,77.29
"Portugal",2007,20509.64777,78.098
"Puerto Rico",1952,3081.959785,64.28
"Puerto Rico",1957,3907.156189,68.54
"Puerto Rico",1962,5108.34463,69.62
"Puerto Rico",1967,6929.277714,71.1
"Puerto Rico",1972,9123.041742,72.16
"Puerto Rico",1977,9770.524921,73.44
"Puerto Rico",1982,10330.98915,73.75
"Puerto Rico",1987,12281.34191,74.63
"Puerto Rico",1992,14641.58711,73.911
"Puerto Rico",1997,16999.4333,74.917
"Puerto Rico",2002,18855.60618,77.778
"Puerto Rico",2007,19328.70901,78.746
"Reunion",1952,2718.885295,52.724
"Reunion",1957,2769.451844,55.09
"Reunion",1962,3173.72334,57.666
"Reunion",1967,4021.175739,60.542
"Reunion",1972,5047.658563,64.274
"Reunion",1977,4319.804067,67.064
"Reunion",1982,5267.219353,69.885
"Reunion",1987,5303.377488,71.913
"Reunion",1992,6101.255823,73.615
"Reunion",1997,6071.941411,74.772
"Reunion",2002,6316.1652,75.744
"Reunion",2007,7670.122558,76.442
"Romania",1952,3144.613186,61.05
"Romania",1957,3943.370225,64.1
"Romania",1962,4734.997586,66.8
"Romania",1967,6470.866545,66.8
"Romania",1972,8011.414402,69.21
"Romania",1977,9356.39724,69.46
"Romania",1982,9605.314053,69.66
"Romania",1987,9696.273295,69.53
"Romania",1992,6598.409903,69.36
"Romania",1997,7346.547557,69.72
"Romania",2002,7885.360081,71.322
"Romania",2007,10808.47561,72.476
"Rwanda",1952,493.3238752,40
"Rwanda",1957,540.2893983,41.5
"Rwanda",1962,597.4730727,43
"Rwanda",1967,510.9637142,44.1
"Rwanda",1972,590.5806638,44.6
"Rwanda",1977,670.0806011,45
"Rwanda",1982,881.5706467,46.218
"Rwanda",1987,847.991217,44.02
"Rwanda",1992,737.0685949,23.599
"Rwanda",1997,589.9445051,36.087
"Rwanda",2002,785.6537648,43.413
"Rwanda",2007,863.0884639,46.242
"Sao Tome and Principe",1952,879.5835855,46.471
"Sao Tome and Principe",1957,860.7369026,48.945
"Sao Tome and Principe",1962,1071.551119,51.893
"Sao Tome and Principe",1967,1384.840593,54.425
"Sao Tome and Principe",1972,1532.985254,56.48
"Sao Tome and Principe",1977,1737.561657,58.55
"Sao Tome and Principe",1982,1890.218117,60.351
"Sao Tome and Principe",1987,1516.525457,61.728
"Sao Tome and Principe",1992,1428.777814,62.742
"Sao Tome and Principe",1997,1339.076036,63.306
"Sao Tome and Principe",2002,1353.09239,64.337
"Sao Tome and Principe",2007,1598.435089,65.528
"Saudi Arabia",1952,6459.554823,39.875
"Saudi Arabia",1957,8157.591248,42.868
"Saudi Arabia",1962,11626.41975,45.914
"Saudi Arabia",1967,16903.04886,49.901
"Saudi Arabia",1972,24837.42865,53.886
"Saudi Arabia",1977,34167.7626,58.69
"Saudi Arabia",1982,33693.17525,63.012
"Saudi Arabia",1987,21198.26136,66.295
"Saudi Arabia",1992,24841.61777,68.768
"Saudi Arabia",1997,20586.69019,70.533
"Saudi Arabia",2002,19014.54118,71.626
"Saudi Arabia",2007,21654.83194,72.777
"Senegal",1952,1450.356983,37.278
"Senegal",1957,1567.653006,39.329
"Senegal",1962,1654.988723,41.454
"Senegal",1967,1612.404632,43.563
"Senegal",1972,1597.712056,45.815
"Senegal",1977,1561.769116,48.879
"Senegal",1982,1518.479984,52.379
"Senegal",1987,1441.72072,55.769
"Senegal",1992,1367.899369,58.196
"Senegal",1997,1392.368347,60.187
"Senegal",2002,1519.635262,61.6
"Senegal",2007,1712.472136,63.062
"Serbia",1952,3581.459448,57.996
"Serbia",1957,4981.090891,61.685
"Serbia",1962,6289.629157,64.531
"Serbia",1967,7991.707066,66.914
"Serbia",1972,10522.06749,68.7
"Serbia",1977,12980.66956,70.3
"Serbia",1982,15181.0927,70.162
"Serbia",1987,15870.87851,71.218
"Serbia",1992,9325.068238,71.659
"Serbia",1997,7914.320304,72.232
"Serbia",2002,7236.075251,73.213
"Serbia",2007,9786.534714,74.002
"Sierra Leone",1952,879.7877358,30.331
"Sierra Leone",1957,1004.484437,31.57
"Sierra Leone",1962,1116.639877,32.767
"Sierra Leone",1967,1206.043465,34.113
"Sierra Leone",1972,1353.759762,35.4
"Sierra Leone",1977,1348.285159,36.788
"Sierra Leone",1982,1465.010784,38.445
"Sierra Leone",1987,1294.447788,40.006
"Sierra Leone",1992,1068.696278,38.333
"Sierra Leone",1997,574.6481576,39.897
"Sierra Leone",2002,699.489713,41.012
"Sierra Leone",2007,862.5407561,42.568
"Singapore",1952,2315.138227,60.396
"Singapore",1957,2843.104409,63.179
"Singapore",1962,3674.735572,65.798
"Singapore",1967,4977.41854,67.946
"Singapore",1972,8597.756202,69.521
"Singapore",1977,11210.08948,70.795
"Singapore",1982,15169.16112,71.76
"Singapore",1987,18861.53081,73.56
"Singapore",1992,24769.8912,75.788
"Singapore",1997,33519.4766,77.158
"Singapore",2002,36023.1054,78.77
"Singapore",2007,47143.17964,79.972
"Slovak Republic",1952,5074.659104,64.36
"Slovak Republic",1957,6093.26298,67.45
"Slovak Republic",1962,7481.107598,70.33
"Slovak Republic",1967,8412.902397,70.98
"Slovak Republic",1972,9674.167626,70.35
"Slovak Republic",1977,10922.66404,70.45
"Slovak Republic",1982,11348.54585,70.8
"Slovak Republic",1987,12037.26758,71.08
"Slovak Republic",1992,9498.467723,71.38
"Slovak Republic",1997,12126.23065,72.71
"Slovak Republic",2002,13638.77837,73.8
"Slovak Republic",2007,18678.31435,74.663
"Slovenia",1952,4215.041741,65.57
"Slovenia",1957,5862.276629,67.85
"Slovenia",1962,7402.303395,69.15
"Slovenia",1967,9405.489397,69.18
"Slovenia",1972,12383.4862,69.82
"Slovenia",1977,15277.03017,70.97
"Slovenia",1982,17866.72175,71.063
"Slovenia",1987,18678.53492,72.25
"Slovenia",1992,14214.71681,73.64
"Slovenia",1997,17161.10735,75.13
"Slovenia",2002,20660.01936,76.66
"Slovenia",2007,25768.25759,77.926
"Somalia",1952,1135.749842,32.978
"Somalia",1957,1258.147413,34.977
"Somalia",1962,1369.488336,36.981
"Somalia",1967,1284.73318,38.977
"Somalia",1972,1254.576127,40.973
"Somalia",1977,1450.992513,41.974
"Somalia",1982,1176.807031,42.955
"Somalia",1987,1093.244963,44.501
"Somalia",1992,926.9602964,39.658
"Somalia",1997,930.5964284,43.795
"Somalia",2002,882.0818218,45.936
"Somalia",2007,926.1410683,48.159
"South Africa",1952,4725.295531,45.009
"South Africa",1957,5487.104219,47.985
"South Africa",1962,5768.729717,49.951
"South Africa",1967,7114.477971,51.927
"South Africa",1972,7765.962636,53.696
"South Africa",1977,8028.651439,55.527
"South Africa",1982,8568.266228,58.161
"South Africa",1987,7825.823398,60.834
"South Africa",1992,7225.069258,61.888
"South Africa",1997,7479.188244,60.236
"South Africa",2002,7710.946444,53.365
"South Africa",2007,9269.657808,49.339
"Spain",1952,3834.034742,64.94
"Spain",1957,4564.80241,66.66
"Spain",1962,5693.843879,69.69
"Spain",1967,7993.512294,71.44
"Spain",1972,10638.75131,73.06
"Spain",1977,13236.92117,74.39
"Spain",1982,13926.16997,76.3
"Spain",1987,15764.98313,76.9
"Spain",1992,18603.06452,77.57
"Spain",1997,20445.29896,78.77
"Spain",2002,24835.47166,79.78
"Spain",2007,28821.0637,80.941
"Sri Lanka",1952,1083.53203,57.593
"Sri Lanka",1957,1072.546602,61.456
"Sri Lanka",1962,1074.47196,62.192
"Sri Lanka",1967,1135.514326,64.266
"Sri Lanka",1972,1213.39553,65.042
"Sri Lanka",1977,1348.775651,65.949
"Sri Lanka",1982,1648.079789,68.757
"Sri Lanka",1987,1876.766827,69.011
"Sri Lanka",1992,2153.739222,70.379
"Sri Lanka",1997,2664.477257,70.457
"Sri Lanka",2002,3015.378833,70.815
"Sri Lanka",2007,3970.095407,72.396
"Sudan",1952,1615.991129,38.635
"Sudan",1957,1770.337074,39.624
"Sudan",1962,1959.593767,40.87
"Sudan",1967,1687.997641,42.858
"Sudan",1972,1659.652775,45.083
"Sudan",1977,2202.988423,47.8
"Sudan",1982,1895.544073,50.338
"Sudan",1987,1507.819159,51.744
"Sudan",1992,1492.197043,53.556
"Sudan",1997,1632.210764,55.373
"Sudan",2002,1993.398314,56.369
"Sudan",2007,2602.394995,58.556
"Swaziland",1952,1148.376626,41.407
"Swaziland",1957,1244.708364,43.424
"Swaziland",1962,1856.182125,44.992
"Swaziland",1967,2613.101665,46.633
"Swaziland",1972,3364.836625,49.552
"Swaziland",1977,3781.410618,52.537
"Swaziland",1982,3895.384018,55.561
"Swaziland",1987,3984.839812,57.678
"Swaziland",1992,3553.0224,58.474
"Swaziland",1997,3876.76846,54.289
"Swaziland",2002,4128.116943,43.869
"Swaziland",2007,4513.480643,39.613
"Sweden",1952,8527.844662,71.86
"Sweden",1957,9911.878226,72.49
"Sweden",1962,12329.44192,73.37
"Sweden",1967,15258.29697,74.16
"Sweden",1972,17832.02464,74.72
"Sweden",1977,18855.72521,75.44
"Sweden",1982,20667.38125,76.42
"Sweden",1987,23586.92927,77.19
"Sweden",1992,23880.01683,78.16
"Sweden",1997,25266.59499,79.39
"Sweden",2002,29341.63093,80.04
"Sweden",2007,33859.74835,80.884
"Switzerland",1952,14734.23275,69.62
"Switzerland",1957,17909.48973,70.56
"Switzerland",1962,20431.0927,71.32
"Switzerland",1967,22966.14432,72.77
"Switzerland",1972,27195.11304,73.78
"Switzerland",1977,26982.29052,75.39
"Switzerland",1982,28397.71512,76.21
"Switzerland",1987,30281.70459,77.41
"Switzerland",1992,31871.5303,78.03
"Switzerland",1997,32135.32301,79.37
"Switzerland",2002,34480.95771,80.62
"Switzerland",2007,37506.41907,81.701
"Syria",1952,1643.485354,45.883
"Syria",1957,2117.234893,48.284
"Syria",1962,2193.037133,50.305
"Syria",1967,1881.923632,53.655
"Syria",1972,2571.423014,57.296
"Syria",1977,3195.484582,61.195
"Syria",1982,3761.837715,64.59
"Syria",1987,3116.774285,66.974
"Syria",1992,3340.542768,69.249
"Syria",1997,4014.238972,71.527
"Syria",2002,4090.925331,73.053
"Syria",2007,4184.548089,74.143
"Taiwan",1952,1206.947913,58.5
"Taiwan",1957,1507.86129,62.4
"Taiwan",1962,1822.879028,65.2
"Taiwan",1967,2643.858681,67.5
"Taiwan",1972,4062.523897,69.39
"Taiwan",1977,5596.519826,70.59
"Taiwan",1982,7426.354774,72.16
"Taiwan",1987,11054.56175,73.4
"Taiwan",1992,15215.6579,74.26
"Taiwan",1997,20206.82098,75.25
"Taiwan",2002,23235.42329,76.99
"Taiwan",2007,28718.27684,78.4
"Tanzania",1952,716.6500721,41.215
"Tanzania",1957,698.5356073,42.974
"Tanzania",1962,722.0038073,44.246
"Tanzania",1967,848.2186575,45.757
"Tanzania",1972,915.9850592,47.62
"Tanzania",1977,962.4922932,49.919
"Tanzania",1982,874.2426069,50.608
"Tanzania",1987,831.8220794,51.535
"Tanzania",1992,825.682454,50.44
"Tanzania",1997,789.1862231,48.466
"Tanzania",2002,899.0742111,49.651
"Tanzania",2007,1107.482182,52.517
"Thailand",1952,757.7974177,50.848
"Thailand",1957,793.5774148,53.63
"Thailand",1962,1002.199172,56.061
"Thailand",1967,1295.46066,58.285
"Thailand",1972,1524.358936,60.405
"Thailand",1977,1961.224635,62.494
"Thailand",1982,2393.219781,64.597
"Thailand",1987,2982.653773,66.084
"Thailand",1992,4616.896545,67.298
"Thailand",1997,5852.625497,67.521
"Thailand",2002,5913.187529,68.564
"Thailand",2007,7458.396327,70.616
"Togo",1952,859.8086567,38.596
"Togo",1957,925.9083202,41.208
"Togo",1962,1067.53481,43.922
"Togo",1967,1477.59676,46.769
"Togo",1972,1649.660188,49.759
"Togo",1977,1532.776998,52.887
"Togo",1982,1344.577953,55.471
"Togo",1987,1202.201361,56.941
"Togo",1992,1034.298904,58.061
"Togo",1997,982.2869243,58.39
"Togo",2002,886.2205765,57.561
"Togo",2007,882.9699438,58.42
"Trinidad and Tobago",1952,3023.271928,59.1
"Trinidad and Tobago",1957,4100.3934,61.8
"Trinidad and Tobago",1962,4997.523971,64.9
"Trinidad and Tobago",1967,5621.368472,65.4
"Trinidad and Tobago",1972,6619.551419,65.9
"Trinidad and Tobago",1977,7899.554209,68.3
"Trinidad and Tobago",1982,9119.528607,68.832
"Trinidad and Tobago",1987,7388.597823,69.582
"Trinidad and Tobago",1992,7370.990932,69.862
"Trinidad and Tobago",1997,8792.573126,69.465
"Trinidad and Tobago",2002,11460.60023,68.976
"Trinidad and Tobago",2007,18008.50924,69.819
"Tunisia",1952,1468.475631,44.6
"Tunisia",1957,1395.232468,47.1
"Tunisia",1962,1660.30321,49.579
"Tunisia",1967,1932.360167,52.053
"Tunisia",1972,2753.285994,55.602
"Tunisia",1977,3120.876811,59.837
"Tunisia",1982,3560.233174,64.048
"Tunisia",1987,3810.419296,66.894
"Tunisia",1992,4332.720164,70.001
"Tunisia",1997,4876.798614,71.973
"Tunisia",2002,5722.895655,73.042
"Tunisia",2007,7092.923025,73.923
"Turkey",1952,1969.10098,43.585
"Turkey",1957,2218.754257,48.079
"Turkey",1962,2322.869908,52.098
"Turkey",1967,2826.356387,54.336
"Turkey",1972,3450.69638,57.005
"Turkey",1977,4269.122326,59.507
"Turkey",1982,4241.356344,61.036
"Turkey",1987,5089.043686,63.108
"Turkey",1992,5678.348271,66.146
"Turkey",1997,6601.429915,68.835
"Turkey",2002,6508.085718,70.845
"Turkey",2007,8458.276384,71.777
"Uganda",1952,734.753484,39.978
"Uganda",1957,774.3710692,42.571
"Uganda",1962,767.2717398,45.344
"Uganda",1967,908.9185217,48.051
"Uganda",1972,950.735869,51.016
"Uganda",1977,843.7331372,50.35
"Uganda",1982,682.2662268,49.849
"Uganda",1987,617.7244065,51.509
"Uganda",1992,644.1707969,48.825
"Uganda",1997,816.559081,44.578
"Uganda",2002,927.7210018,47.813
"Uganda",2007,1056.380121,51.542
"United Kingdom",1952,9979.508487,69.18
"United Kingdom",1957,11283.17795,70.42
"United Kingdom",1962,12477.17707,70.76
"United Kingdom",1967,14142.85089,71.36
"United Kingdom",1972,15895.11641,72.01
"United Kingdom",1977,17428.74846,72.76
"United Kingdom",1982,18232.42452,74.04
"United Kingdom",1987,21664.78767,75.007
"United Kingdom",1992,22705.09254,76.42
"United Kingdom",1997,26074.53136,77.218
"United Kingdom",2002,29478.99919,78.471
"United Kingdom",2007,33203.26128,79.425
"United States",1952,13990.48208,68.44
"United States",1957,14847.12712,69.49
"United States",1962,16173.14586,70.21
"United States",1967,19530.36557,70.76
"United States",1972,21806.03594,71.34
"United States",1977,24072.63213,73.38
"United States",1982,25009.55914,74.65
"United States",1987,29884.35041,75.02
"United States",1992,32003.93224,76.09
"United States",1997,35767.43303,76.81
"United States",2002,39097.09955,77.31
"United States",2007,42951.65309,78.242
"Uruguay",1952,5716.766744,66.071
"Uruguay",1957,6150.772969,67.044
"Uruguay",1962,5603.357717,68.253
"Uruguay",1967,5444.61962,68.468
"Uruguay",1972,5703.408898,68.673
"Uruguay",1977,6504.339663,69.481
"Uruguay",1982,6920.223051,70.805
"Uruguay",1987,7452.398969,71.918
"Uruguay",1992,8137.004775,72.752
"Uruguay",1997,9230.240708,74.223
"Uruguay",2002,7727.002004,75.307
"Uruguay",2007,10611.46299,76.384
"Venezuela",1952,7689.799761,55.088
"Venezuela",1957,9802.466526,57.907
"Venezuela",1962,8422.974165,60.77
"Venezuela",1967,9541.474188,63.479
"Venezuela",1972,10505.25966,65.712
"Venezuela",1977,13143.95095,67.456
"Venezuela",1982,11152.41011,68.557
"Venezuela",1987,9883.584648,70.19
"Venezuela",1992,10733.92631,71.15
"Venezuela",1997,10165.49518,72.146
"Venezuela",2002,8605.047831,72.766
"Venezuela",2007,11415.80569,73.747
"Vietnam",1952,605.0664917,40.412
"Vietnam",1957,676.2854478,42.887
"Vietnam",1962,772.0491602,45.363
"Vietnam",1967,637.1232887,47.838
"Vietnam",1972,699.5016441,50.254
"Vietnam",1977,713.5371196,55.764
"Vietnam",1982,707.2357863,58.816
"Vietnam",1987,820.7994449,62.82
"Vietnam",1992,989.0231487,67.662
"Vietnam",1997,1385.896769,70.672
"Vietnam",2002,1764.456677,73.017
"Vietnam",2007,2441.576404,74.249
"West Bank and Gaza",1952,1515.592329,43.16
"West Bank and Gaza",1957,1827.067742,45.671
"West Bank and Gaza",1962,2198.956312,48.127
"West Bank and Gaza",1967,2649.715007,51.631
"West Bank and Gaza",1972,3133.409277,56.532
"West Bank and Gaza",1977,3682.831494,60.765
"West Bank and Gaza",1982,4336.032082,64.406
"West Bank and Gaza",1987,5107.197384,67.046
"West Bank and Gaza",1992,6017.654756,69.718
"West Bank and Gaza",1997,7110.667619,71.096
"West Bank and Gaza",2002,4515.487575,72.37
"West Bank and Gaza",2007,3025.349798,73.422
"Yemen, Rep.",1952,781.7175761,32.548
"Yemen, Rep.",1957,804.8304547,33.97
"Yemen, Rep.",1962,825.6232006,35.18
"Yemen, Rep.",1967,862.4421463,36.984
"Yemen, Rep.",1972,1265.047031,39.848
"Yemen, Rep.",1977,1829.765177,44.175
"Yemen, Rep.",1982,1977.55701,49.113
"Yemen, Rep.",1987,1971.741538,52.922
"Yemen, Rep.",1992,1879.496673,55.599
"Yemen, Rep.",1997,2117.484526,58.02
"Yemen, Rep.",2002,2234.820827,60.308
"Yemen, Rep.",2007,2280.769906,62.698
"Zambia",1952,1147.388831,42.038
"Zambia",1957,1311.956766,44.077
"Zambia",1962,1452.725766,46.023
"Zambia",1967,1777.077318,47.768
"Zambia",1972,1773.498265,50.107
"Zambia",1977,1588.688299,51.386
"Zambia",1982,1408.678565,51.821
"Zambia",1987,1213.315116,50.821
"Zambia",1992,1210.884633,46.1
"Zambia",1997,1071.353818,40.238
"Zambia",2002,1071.613938,39.193
"Zambia",2007,1271.211593,42.384
"Zimbabwe",1952,406.8841148,48.451
"Zimbabwe",1957,518.7642681,50.469
"Zimbabwe",1962,527.2721818,52.358
"Zimbabwe",1967,569.7950712,53.995
"Zimbabwe",1972,799.3621758,55.635
"Zimbabwe",1977,685.5876821,57.674
"Zimbabwe",1982,788.8550411,60.363
"Zimbabwe",1987,706.1573059,62.351
"Zimbabwe",1992,693.4207856,60.377
"Zimbabwe",1997,792.4499603,46.809
"Zimbabwe",2002,672.0386227,39.989
"Zimbabwe",2007,469.7092981,43.487
